For Loop,Built-in,Gauss
[0.         0.         0.         0.         0.00459146],[0.         0.         0.         0.00095654 0.00203991],[0. 0. 0. 0. 0.]
